<doxygenlayout version="1.0">
  <navindex>
    <tab type="usergroup" url="@ref fplutil_prerequisites"
         title="Prerequisites">
      <tab type="usergroup" url="@ref fplutil_install_sdk"
           title="Android SDK">
        <tab type="user" url="@ref fplutil_install_sdk_linux" title="Linux"/>
        <tab type="user" url="@ref fplutil_install_sdk_osx_windows"
             title="OSX / Windows"/>
      </tab>
      <tab type="user" url="@ref fplutil_install_ndk" title="Android NDK"/>
      <tab type="usergroup" url="@ref fplutil_install_python"
           title="Python">
        <tab type="user" url="@ref fplutil_install_python_linux"
             title="Linux"/>
        <tab type="user" url="@ref fplutil_install_python_osx_windows"
             title="OSX / Windows"/>
      </tab>
      <tab type="usergroup" url="@ref fplutil_command_line"
           title="Configure Command Line">
        <tab type="user" url="@ref fplutil_command_line_linux"
             title="Linux"/>
        <tab type="user" url="@ref fplutil_command_line_osx"
             title="OSX"/>
        <tab type="user" url="@ref fplutil_command_line_windows"
             title="Windows"/>
      </tab>

    </tab>
    <tab type="usergroup" url="@ref libfplutil_overview"
         title="libfplutil" >
      <tab type="usergroup" url="@ref libfplutil_main"
           title="Using libfplutil_main">
        <tab type="user" url="@ref libfplutil_main_events"
             title="Event Processing" />
      </tab>
      <tab type="usergroup" url="@ref libfplutil_print"
           title="Using libfplutil_print">
        <tab type="user" url="@ref libfplutil_print_tag"
             title="Customizing the Log Tag" />
        <tab type="user" url="@ref libfplutil_print_buffering"
             title="Configuring Buffering" />
        <tab type="user" url="@ref libfplutil_print_redirection"
             title="Redirecting Output" />
      </tab>
      <tab type="usergroup" url="@ref libfplutil_example"
           title="Example">
        <tab type="user" url="@ref libfplutil_example_preparation"
             title="Getting Started" />
        <tab type="user" url="@ref libfplutil_example_build_fplutil"
             title="Building with fplutil" />
        <tab type="user" url="@ref libfplutil_example_build_ndkbuild"
             title="Building with ndk-build" />
      </tab>
      <tab type="usergroup" url="@ref libfplutil_linking"
           title="Linking with Applications">
        <tab type="user" url="@ref libfplutil_linking_print"
             title="Linking libfplutil_print" />
      </tab>
      <tab type="usergroup" title="API Reference">
        <tab type="user" url="@ref libfplutil/include/fplutil/main.h"
             title="libfplutil_main" />
        <tab type="user" url="@ref libfplutil/include/fplutil/print.h"
             title="libfplutil_print" />
      </tab>
    </tab>
    <tab type="usergroup" url="@ref android_ndk_perf"
         title="android_ndk_perf.py">
      <tab type="user" url="@ref android_ndk_perf_sampling"
           title="Sampling vs. Intrusive Profiling" />
      <tab type="usergroup" url="@ref android_ndk_perf_building"
           title="Building Applications for Profiling">
        <tab type="user" url="@ref android_ndk_perf_building_fplutil"
             title="Building and Installing using build_all_android.py" />
        <tab type="user" url="@ref android_ndk_perf_building_manual"
             title="Building using ndk-build and ant" />
      </tab>
      <tab type="user" url="@ref android_ndk_perf_record"
           title="Capturing a Trace" />
      <tab type="user" url="@ref android_ndk_perf_visualize"
           title="Visualizing a Trace" />
      <tab type="user" url="@ref android_ndk_perf_report"
           title="Trace Reports" />
    </tab>
    <tab type="usergroup" url="@ref build_all_android"
         title="build_all_android.py">
      <tab type="user" url="@ref build_all_android_build"
           title="Building Applications" />
      <tab type="usergroup" url="@ref build_all_android_sign"
           title="Signing Applications" >
        <tab type="user" url="@ref build_all_android_sign_key"
              title="Signing with Keys" />
      </tab>
      <tab type="user" url="@ref build_all_android_install"
           title="Installing Applications" />
      <tab type="user" url="@ref build_all_android_run"
           title="Running Applications" />
      <tab type="user" url="@ref build_all_android_build_config"
           title="Build Configuration" />
      <tab type="user" url="@ref build_all_android_clean"
           title="Cleaning Build Artifacts" />
      <tab type="user" url="@ref build_all_android_multiple_devices"
           title="Working with Multiple Devices" />
    </tab>
    <tab type="usergroup" url="@ref buildutil_overview" title="buildutil">
      <tab type="usergroup" url="@ref buildutil_examples" title="Examples">
        <tab type="user" url="@ref buildutil_examples_android"
             title="Android" />
        <tab type="user" url="@ref buildutil_examples_android_code"
             title="Android Code" />
        <tab type="user" url="@ref buildutil_examples_linux" title="Linux" />
        <tab type="user" url="@ref buildutil_examples_linux_code"
             title="Linux Code" />
      </tab>
      <tab type="usergroup" url="@ref buildutil_api_reference"
           title="API Reference">
        <tab type="usergroup" url="@ref buildutil/common.py"
             title="common.py">
          <tab type="user" url="@ref fplutil.buildutil.common.Error"
               title="buildutil.common.Error" />
          <tab type="user" url="@ref fplutil.buildutil.common.ToolPathError"
               title="buildutil.common.ToolPathError" />
          <tab type="user" url="@ref fplutil.buildutil.common.SubCommandError"
               title="buildutil.common.SubCommandError" />
          <tab type="user"
               url="@ref fplutil.buildutil.common.ConfigurationError"
               title="buildutil.common.ConfigurationError" />
          <tab type="user" url="@ref fplutil.buildutil.common.AdbError"
               title="buildutil.common.AdbError" />
          <tab type="user" url="@ref fplutil.buildutil.common.BuildEnvironment"
               title="buildutil.common.BuildEnvironment" />
        </tab>
        <tab type="usergroup" url="@ref buildutil/android.py"
             title="android.py">
          <tab type="user" url="@ref fplutil.buildutil.android.XMLFile"
               title="buildutil.android.XMLFile" />
          <tab type="user" url="@ref fplutil.buildutil.android.AndroidManifest"
               title="buildutil.android.AndroidManifest" />
          <tab type="user" url="@ref fplutil.buildutil.android.BuildXml"
               title="buildutil.android.BuildXml" />
          <tab type="user" url="@ref fplutil.buildutil.android.AdbDevice"
               title="buildutil.android.AdbDevice" />
          <tab type="user"
               url="@ref fplutil.buildutil.android.BuildEnvironment"
               title="buildutil.android.BuildEnvironment" />
        </tab>
        <tab type="usergroup" url="@ref buildutil/linux.py"
             title="linux.py">
          <tab type="user" url="@ref fplutil.buildutil.linux.BuildEnvironment"
               title="buildutil.linux.BuildEnvironment" />
        </tab>
      </tab>
    </tab>
    <tab type="usergroup" url="@ref fplutil_readme" title="readme"/>
    <tab type="usergroup" url="@ref contributing" title="contributing"/>
  </navindex>
</doxygenlayout>
